{
  "shape": [
    8,
    8
  ],
  "dtype": "float32",
  "size": 64,
  "finite_frac": 1.0,
  "nan_count": 0,
  "inf_count": 0,
  "min": -2.32503080368042,
  "max": 1.9602583646774292,
  "mean": 0.06679644242103677,
  "std": 0.9119750050573193,
  "p25": -0.6309129893779755,
  "p50": 0.06766913831233978,
  "p75": 0.6663668900728226
}